"technology_node","yield","er_z_score","dr_z_score","cd_z_score","ot_z_score","spc_status"
"7nm",0.731,-2.615,-0.364,1.377,-0.081,Warning
"7nm",0.691,0.135,0.521,1.446,0.870,Normal
"7nm",0.682,1.569,1.098,-0.531,-0.382,Normal
"7nm",0.435,0.080,0.190,2.359,-0.445,Warning
"7nm",0.924,-0.573,1.161,-0.523,1.968,Normal
"7nm",0.687,-1.767,-0.204,-0.128,0.623,Normal
"7nm",0.634,1.755,-0.668,1.486,-0.769,Normal
"7nm",0.429,0.931,1.644,0.891,-1.627,Normal
"7nm",0.446,-0.336,0.226,-0.692,-0.646,Normal
"7nm",0.516,0.940,-0.317,-1.567,-1.692,Normal
"7nm",0.579,0.723,1.082,-1.190,-0.117,Normal
"7nm",0.626,0.931,0.634,-0.386,-0.952,Normal
"7nm",0.457,0.326,-1.099,-2.279,-1.214,Warning
"7nm",0.568,0.307,0.605,-0.035,-1.846,Normal
"7nm",0.713,1.783,1.477,-0.509,-0.232,Normal
"7nm",0.345,0.751,0.058,1.094,-1.662,Normal
"7nm",0.447,0.108,-0.097,-1.170,1.063,Normal
"7nm",0.441,-0.205,-0.346,1.270,-0.552,Normal
"7nm",0.759,-1.389,0.949,0.413,-1.517,Normal
"7nm",0.576,-1.191,1.618,2.002,0.037,Warning
"7nm",0.896,-0.291,0.860,-0.392,-0.132,Normal
"7nm",0.524,-1.141,0.113,0.583,0.567,Normal
"7nm",0.643,-0.463,-0.806,-0.665,0.032,Normal
"7nm",0.568,0.186,0.295,0.500,0.602,Normal
"7nm",0.412,-0.345,-0.110,0.577,1.999,Normal
"7nm",0.344,1.562,0.742,0.963,-0.412,Normal
"7nm",0.742,-0.015,0.906,-0.636,0.798,Normal
"7nm",0.773,-0.019,-0.048,0.918,-2.048,Warning
"7nm",0.438,0.663,-2.436,-0.851,1.796,Warning
"7nm",0.659,-1.582,-0.455,0.519,-0.137,Normal
"7nm",0.356,1.554,-0.956,2.391,-0.230,Warning
"7nm",0.528,-0.391,-0.856,-0.486,-1.430,Normal
"7nm",0.584,1.011,-0.029,-1.704,0.407,Normal
"7nm",0.770,-1.294,0.402,1.297,0.296,Normal
"7nm",0.468,-0.046,-1.458,0.682,0.170,Normal
"7nm",0.542,-0.193,0.016,-0.877,-0.043,Normal
"7nm",0.880,-1.548,-1.277,-0.231,-1.203,Normal
"7nm",0.340,-0.977,-1.136,1.576,0.659,Normal
"7nm",0.607,-0.439,-1.990,0.280,-0.676,Normal
"7nm",0.534,-0.483,-1.536,0.517,-1.158,Normal
"7nm",0.610,-2.112,-1.929,0.067,-1.062,Warning
"7nm",0.468,-0.620,-0.433,-1.232,-0.799,Normal
"7nm",0.399,-0.699,-0.541,1.347,1.113,Normal
"7nm",0.626,-0.371,0.340,-0.268,-0.437,Normal
"7nm",0.382,-0.208,-0.545,0.284,0.161,Normal
"7nm",0.604,0.465,-0.056,0.730,-1.573,Normal
"7nm",0.759,0.234,-1.354,-1.338,1.453,Normal
"7nm",0.486,0.748,-1.005,1.731,-0.012,Normal
"7nm",0.551,-0.585,0.165,-0.742,0.518,Normal
"7nm",0.810,-0.444,-2.213,-0.374,0.762,Warning
"7nm",0.889,1.392,0.149,0.835,1.990,Normal
"7nm",0.680,-1.850,2.750,-0.385,0.301,Warning
"7nm",0.600,0.217,0.718,-0.098,0.533,Normal
"7nm",0.735,-0.869,-0.767,-0.929,0.506,Normal
"7nm",0.462,-0.438,1.712,1.773,0.824,Normal
"7nm",0.443,0.786,1.020,-0.442,-0.374,Normal
"7nm",0.686,0.677,0.250,0.320,1.280,Normal
"7nm",0.793,0.934,-0.123,-0.446,0.214,Normal
"7nm",0.352,-1.263,0.939,1.197,-0.847,Normal
"7nm",0.789,0.830,0.472,0.231,-1.616,Normal
"7nm",0.784,-0.562,0.221,-0.263,1.014,Normal
"7nm",0.604,-1.319,0.345,-1.846,0.519,Normal
"7nm",0.432,-0.608,-0.127,1.238,-0.005,Normal
"7nm",0.818,0.261,-0.164,-0.565,-1.535,Normal
"7nm",0.578,-0.916,-1.194,0.717,-0.013,Normal
"7nm",0.578,-1.921,0.286,-1.239,0.312,Normal
"7nm",0.637,0.043,0.179,-0.530,0.368,Normal
"7nm",0.371,-1.404,-0.123,1.645,-1.620,Normal
"7nm",0.778,-1.001,1.731,-0.461,2.051,Warning
"7nm",0.658,-1.162,0.040,-0.936,-0.704,Normal
"7nm",0.655,0.305,0.042,0.296,1.967,Normal
"7nm",0.600,-1.202,-0.066,-0.291,0.920,Normal
"7nm",0.553,0.176,0.536,-0.353,1.616,Normal
"7nm",0.476,0.595,1.095,-1.532,-0.394,Normal
"7nm",0.914,-0.016,0.335,-0.944,0.320,Normal
"7nm",0.507,-1.902,0.243,-0.568,-0.322,Normal
"7nm",0.490,-1.986,-0.747,-1.138,-0.598,Normal
"7nm",0.786,-0.711,3.412,0.561,-0.066,OOC
"7nm",0.484,-0.491,0.292,1.097,0.769,Normal
"7nm",0.608,-0.978,-0.138,-0.519,0.359,Normal
"7nm",0.851,-0.518,-0.249,-0.145,0.253,Normal
"7nm",0.742,-0.118,0.558,0.557,-0.155,Normal
"7nm",0.445,-1.101,-0.230,1.702,0.278,Normal
"7nm",0.488,-1.260,0.832,-1.924,0.854,Normal
"7nm",0.720,-0.835,0.471,1.599,-0.619,Normal
"7nm",0.512,0.128,-0.594,-0.631,-0.828,Normal
"7nm",0.378,0.303,1.149,-0.419,1.249,Normal
"7nm",0.432,0.236,-0.496,-1.337,-0.046,Normal
"7nm",0.505,0.252,1.104,2.170,-1.482,Warning
"7nm",0.921,-1.728,1.307,0.433,0.601,Normal
"7nm",0.428,-1.107,1.698,1.257,-0.207,Normal
"7nm",0.716,0.151,0.024,1.466,0.038,Normal
"7nm",0.901,0.274,-1.029,1.704,0.115,Normal
"7nm",0.397,-0.342,2.234,0.769,-0.340,Warning
"7nm",0.921,-0.233,0.867,-0.351,-0.981,Normal
"7nm",0.530,0.205,1.714,0.440,0.884,Normal
"7nm",0.519,-1.106,1.369,-0.510,-1.597,Normal
"7nm",0.594,-0.671,-0.954,-0.492,-0.185,Normal
"7nm",0.676,-0.458,-1.320,0.274,1.421,Normal
"7nm",0.788,-0.045,-0.463,0.002,0.823,Normal
"7nm",0.635,0.557,-0.396,0.893,-0.865,Normal
"7nm",0.688,1.135,-0.909,-1.848,-0.926,Normal
"7nm",0.443,-0.227,-0.375,0.025,-0.732,Normal
"7nm",0.568,0.120,0.030,-0.346,-1.823,Normal
"7nm",0.641,-1.799,-0.263,-0.038,-0.517,Normal
"7nm",0.466,-2.143,0.378,-0.516,-0.195,Warning
"7nm",0.631,-0.156,1.148,0.146,0.378,Normal
"7nm",0.734,-0.650,1.053,-0.352,-1.609,Normal
"7nm",0.627,-0.203,-0.442,-0.637,1.560,Normal
"7nm",0.600,-0.776,-0.595,1.673,0.364,Normal
"7nm",0.492,-0.344,0.052,-0.801,0.740,Normal
"7nm",0.622,-0.076,-0.435,-1.392,1.191,Normal
"7nm",0.555,-0.389,-0.029,-0.017,1.296,Normal
"7nm",0.493,-0.086,-0.279,-1.185,-0.827,Normal
"7nm",0.736,-1.254,0.208,-0.432,0.680,Normal
"7nm",0.747,-0.904,-2.117,1.430,-0.663,Warning
"7nm",0.541,0.138,0.848,-0.832,-0.512,Normal
"7nm",0.334,0.074,0.519,-0.705,-0.932,Normal
"7nm",0.866,-1.047,1.101,0.328,0.996,Normal
"7nm",0.486,-1.268,-1.381,-0.620,0.018,Normal
"7nm",0.444,0.617,0.013,-1.021,0.918,Normal
"7nm",0.480,-0.027,1.320,-0.422,0.448,Normal
"7nm",0.521,2.654,1.124,-0.930,-1.100,Warning
"7nm",0.779,-1.291,0.757,0.883,-0.200,Normal
"7nm",0.401,-0.102,0.227,0.052,1.191,Normal
"7nm",0.370,0.436,-0.641,0.306,-0.033,Normal
"7nm",0.687,-0.687,-0.124,-1.264,-0.276,Normal
"7nm",0.292,0.984,0.057,0.577,-1.737,Normal
"7nm",0.449,-0.441,0.126,0.717,0.928,Normal
"7nm",0.542,0.463,1.002,-0.283,-1.770,Normal
"7nm",0.739,0.490,-0.619,-0.533,-0.804,Normal
"7nm",0.574,-0.260,-1.079,-1.265,1.350,Normal
"7nm",0.746,-0.417,-0.153,-0.657,0.900,Normal
"7nm",0.820,0.958,-1.591,-0.089,-0.274,Normal
"7nm",0.731,1.146,-0.766,1.430,-0.346,Normal
"7nm",0.310,0.162,1.173,-0.714,-2.715,Warning
"7nm",0.674,-0.016,-0.726,-0.692,0.400,Normal
"7nm",0.685,0.893,-0.407,-0.102,-0.700,Normal
"7nm",0.535,0.226,-1.248,-0.015,-0.118,Normal
"7nm",0.568,0.463,0.462,-0.355,0.385,Normal
"7nm",0.443,0.370,-1.497,-1.535,-0.083,Normal
"7nm",0.861,-1.002,-0.699,-0.198,1.153,Normal
"7nm",0.465,-2.133,0.241,1.046,0.291,Warning
"7nm",0.749,-0.897,0.946,0.183,-0.672,Normal
"7nm",0.723,-0.753,2.115,-0.653,-1.148,Warning
"7nm",0.402,-0.368,-1.924,0.627,0.821,Normal
"7nm",0.611,0.582,0.317,0.263,-0.190,Normal
"7nm",0.508,1.708,-0.089,1.229,0.267,Normal
"7nm",0.472,-0.915,1.320,1.458,-0.680,Normal
"7nm",0.481,0.251,-0.649,0.579,2.013,Warning
"7nm",0.824,-0.517,1.799,1.491,1.274,Normal
"7nm",0.532,0.505,-1.337,-1.669,0.335,Normal
"7nm",0.559,-0.694,-0.620,-0.300,0.355,Normal
"7nm",0.498,0.820,-0.452,-0.634,0.425,Normal
"7nm",0.647,1.184,1.031,-0.267,1.207,Normal
"7nm",0.691,0.626,-0.849,-1.268,-1.182,Normal
"7nm",0.466,0.098,0.956,-1.142,0.842,Normal
"7nm",0.458,-0.413,-0.533,-0.196,0.677,Normal
"7nm",0.450,1.084,0.990,1.028,-0.791,Normal
"7nm",0.665,-0.777,0.351,1.708,0.987,Normal
"7nm",0.374,0.333,-0.222,-2.388,0.793,Warning
"7nm",0.561,-0.460,-1.033,0.104,0.567,Normal
"7nm",0.683,0.497,-1.589,0.947,1.978,Normal
"7nm",0.421,0.702,-0.089,1.664,-0.323,Normal
"7nm",0.317,-1.224,1.124,0.443,-1.660,Normal
"7nm",0.372,-0.555,-0.148,1.343,-0.998,Normal
"7nm",0.530,0.900,0.437,-0.271,0.196,Normal
"7nm",0.350,0.426,0.022,-2.546,-0.160,Warning
"7nm",0.690,-0.412,-0.641,-0.009,-0.355,Normal
"7nm",0.602,-0.530,0.025,-0.974,-1.330,Normal
"7nm",0.540,1.758,1.901,-0.072,-1.530,Normal
"7nm",0.700,1.539,2.008,0.417,1.760,Warning
"7nm",0.576,1.238,0.229,-1.222,-0.333,Normal
"7nm",0.378,-0.178,-1.685,-0.813,0.684,Normal
"7nm",0.593,-0.775,0.204,0.562,1.686,Normal
"7nm",0.387,-0.094,-1.512,-0.254,-0.906,Normal
"7nm",0.470,0.828,0.039,-1.379,1.378,Normal
"7nm",0.344,1.387,-0.246,0.312,-0.240,Normal
"7nm",0.552,1.955,-1.164,-0.702,-0.370,Normal
"7nm",0.917,1.657,-0.988,-0.371,0.008,Normal
"7nm",0.782,1.056,-1.797,0.451,0.610,Normal
"7nm",0.561,1.767,-0.754,0.056,-0.564,Normal
"7nm",0.484,3.172,0.275,1.760,-0.532,OOC
"7nm",0.525,1.432,-1.605,-0.205,-0.266,Normal
"7nm",0.422,0.799,0.438,0.657,1.292,Normal
"7nm",0.563,1.408,-0.901,-0.896,-1.831,Normal
"7nm",0.394,0.644,1.470,-0.076,1.560,Normal
"7nm",0.624,0.034,0.032,-0.978,2.204,Warning
"7nm",0.620,0.878,1.841,0.651,0.368,Normal
"7nm",0.671,1.638,0.398,-1.472,-0.467,Normal
"7nm",0.504,0.811,-1.296,0.030,1.376,Normal
"7nm",0.492,0.961,-0.791,0.421,0.482,Normal
"7nm",0.481,0.555,0.420,0.175,0.911,Normal
"7nm",0.685,0.966,-0.523,-1.438,-0.601,Normal
"7nm",0.598,0.587,0.328,0.180,-0.738,Normal
"7nm",0.447,1.640,-1.356,-0.756,-1.710,Normal
"7nm",0.643,0.053,-1.455,0.118,-0.705,Normal
"7nm",0.775,1.333,-0.244,0.308,-0.554,Normal
"7nm",0.502,2.239,-0.830,2.347,0.987,Warning
"7nm",0.578,1.260,-0.903,0.249,-1.284,Normal
"10nm",0.667,1.299,-0.753,0.464,-0.192,Normal
"10nm",0.780,-2.126,0.219,-1.115,-0.196,Warning
"10nm",0.778,-2.055,-0.597,-1.903,0.284,Warning
"10nm",0.405,-1.201,-0.106,1.005,0.749,Normal
"10nm",0.935,-0.869,1.907,0.320,-0.560,Normal
"10nm",0.595,-2.169,0.514,-0.049,-1.690,Warning
"10nm",0.923,-0.971,1.843,-0.631,0.062,Normal
"10nm",0.391,-0.545,1.126,-0.374,-0.240,Normal
"10nm",0.892,-0.696,-0.170,0.409,0.776,Normal
"10nm",0.657,-0.656,0.626,-0.161,0.695,Normal
"10nm",0.648,-0.797,0.958,-1.026,0.472,Normal
"10nm",0.527,0.010,-0.070,-0.470,0.043,Normal
"10nm",0.736,-0.904,0.095,0.891,-1.222,Normal
"10nm",0.813,-0.172,-0.429,-1.406,-0.140,Normal
"10nm",0.940,0.033,0.714,-1.345,2.071,Warning
"10nm",0.725,-1.355,1.148,-1.929,-1.242,Normal
"10nm",0.679,0.152,0.737,-1.320,1.108,Normal
"10nm",0.554,-1.510,0.828,-0.735,1.307,Normal
"10nm",0.415,-0.671,1.240,-0.851,-0.012,Normal
"10nm",0.668,-0.788,-0.493,0.578,0.922,Normal
"10nm",0.748,-2.378,0.660,-0.181,0.082,Warning
"10nm",0.759,-1.569,0.796,-0.490,-0.375,Normal
"10nm",0.575,0.423,-1.096,-1.028,-0.544,Normal
"10nm",0.838,-1.607,0.691,-0.812,0.536,Normal
"10nm",0.693,-0.459,-0.705,-1.179,1.630,Normal
"10nm",0.400,-0.767,2.178,0.953,0.022,Warning
"10nm",0.680,-1.391,2.504,0.628,1.079,Warning
"10nm",0.763,-1.158,-0.383,-0.517,1.029,Normal
"10nm",0.554,0.215,0.612,-1.258,0.279,Normal
"10nm",0.510,-0.981,-0.663,-0.401,-0.354,Normal
"10nm",0.691,-1.107,1.035,-0.171,1.036,Normal
"10nm",0.775,-1.465,0.783,1.087,1.056,Normal
"10nm",0.944,-1.574,0.956,0.737,0.591,Normal
"10nm",0.400,-1.773,0.072,2.405,-1.409,Warning
"10nm",0.706,-0.227,-0.150,-2.062,0.356,Warning
"10nm",0.852,-0.854,0.639,-0.486,0.084,Normal
"10nm",0.508,-1.523,-0.007,-0.406,0.412,Normal
"10nm",0.765,-1.616,0.334,-1.330,-0.003,Normal
"10nm",0.553,-0.243,2.118,-1.002,0.044,Warning
"10nm",0.801,0.075,0.768,-1.444,-1.851,Normal
"10nm",0.904,-0.239,1.163,-1.131,1.261,Normal
"10nm",0.394,-0.933,0.703,-2.129,-0.965,Warning
"10nm",0.555,0.308,0.123,0.502,2.225,Warning
"10nm",0.666,-0.488,-0.597,-1.064,1.146,Normal
"10nm",0.463,0.493,-0.294,1.470,1.163,Normal
"10nm",0.852,0.746,1.672,0.735,0.948,Normal
"10nm",0.616,-0.476,1.158,-0.662,-1.302,Normal
"10nm",0.532,-0.684,0.445,1.218,0.142,Normal
"10nm",0.414,-0.450,0.722,-0.691,0.436,Normal
"10nm",0.544,0.458,0.542,0.417,-0.913,Normal
"10nm",0.491,0.396,2.125,-0.659,0.196,Warning
"10nm",0.422,-3.188,1.922,-1.450,-0.443,OOC
"10nm",0.651,-1.621,0.572,0.088,0.465,Normal
"10nm",0.726,-0.049,0.524,-0.094,0.458,Normal
"10nm",0.759,-0.334,1.421,-1.093,-0.317,Normal
"10nm",0.785,-0.819,0.444,-1.174,1.323,Normal
"10nm",0.773,-2.047,-0.283,0.877,2.059,Warning
"10nm",0.567,-0.982,-0.219,1.386,1.861,Normal
"10nm",0.829,-1.502,1.124,-0.323,0.409,Normal
"10nm",0.829,-1.386,0.334,-0.331,1.144,Normal
"10nm",0.831,-1.527,0.550,-0.054,-0.756,Normal
"10nm",0.844,-0.390,0.492,-0.803,0.332,Normal
"10nm",0.724,-0.448,0.175,0.331,-0.367,Normal
"10nm",0.310,-0.285,0.002,1.514,-0.942,Normal
"10nm",0.764,-0.699,1.373,-1.680,1.688,Normal
"10nm",0.846,-0.013,0.098,0.525,0.281,Normal
"10nm",0.821,-1.968,-0.027,-0.040,0.256,Normal
"10nm",0.449,0.108,-1.065,-0.377,-1.067,Normal
"10nm",0.587,0.360,-0.269,0.489,-0.894,Normal
"10nm",0.551,-1.450,0.149,0.165,-0.699,Normal
"10nm",0.462,-1.175,1.487,1.228,1.617,Normal
"10nm",0.605,0.354,-0.127,-0.259,-0.404,Normal
"10nm",0.680,0.103,-0.067,-0.285,-1.686,Normal
"10nm",0.600,-2.573,-0.192,0.726,0.388,Warning
"10nm",0.723,-1.002,-0.303,0.034,0.902,Normal
"10nm",0.570,-1.231,0.336,0.301,-1.596,Normal
"10nm",0.296,-0.938,-0.579,1.936,0.796,Normal
"10nm",0.542,-0.198,0.782,0.055,-0.492,Normal
"10nm",0.950,-0.170,-0.098,1.115,-2.180,Warning
"10nm",0.379,-0.205,0.723,1.415,-0.386,Normal
"10nm",0.801,0.467,0.543,-0.707,0.178,Normal
"10nm",0.247,-1.024,0.200,1.512,-1.445,Normal
"10nm",0.729,0.141,-0.104,-0.265,-1.199,Normal
"10nm",0.383,0.134,-0.767,1.401,-0.144,Normal
"10nm",0.665,-1.438,0.458,-0.358,1.096,Normal
"10nm",0.796,0.535,0.066,-1.586,1.262,Normal
"10nm",0.794,-1.690,0.440,-1.029,0.207,Normal
"10nm",0.667,-0.655,0.573,1.068,1.509,Normal
"10nm",0.578,-1.733,0.239,-0.528,-1.017,Normal
"10nm",0.573,-0.929,1.053,0.011,-0.307,Normal
"10nm",0.417,-0.346,-0.485,0.007,-1.385,Normal
"10nm",0.521,-0.762,0.087,1.229,-0.619,Normal
"10nm",0.589,-1.514,0.948,1.249,-1.119,Normal
"10nm",0.394,-0.779,-0.040,2.255,1.775,Warning
"10nm",0.493,0.674,0.661,-0.326,-0.193,Normal
"10nm",0.690,0.146,1.663,0.234,1.545,Normal
"10nm",0.341,-0.994,1.402,-0.180,-0.507,Normal
"10nm",0.654,-0.553,1.365,-0.364,-0.272,Normal
"10nm",0.505,-1.237,0.594,-0.161,-1.088,Normal
"10nm",0.979,-1.376,0.169,0.090,0.810,Normal
"10nm",0.451,-0.294,-0.553,1.066,1.045,Normal
"10nm",0.559,-0.695,-0.601,-1.731,-1.922,Normal
"10nm",0.529,-0.906,0.949,0.276,-1.187,Normal
"10nm",0.603,0.662,-2.688,-0.557,1.657,Warning
"10nm",0.714,-0.106,-0.217,0.991,-1.809,Normal
"10nm",0.629,0.669,0.162,0.073,-0.623,Normal
"10nm",0.556,-0.798,1.766,1.036,1.505,Normal
"10nm",0.982,-0.778,0.942,-0.326,-0.040,Normal
"10nm",0.609,0.280,0.394,0.401,-0.071,Normal
"10nm",0.765,-0.286,0.361,-0.770,0.204,Normal
"10nm",0.605,0.329,0.157,0.395,1.001,Normal
"10nm",0.848,0.263,-0.521,1.221,-0.799,Normal
"10nm",0.276,-0.026,0.264,1.753,-1.479,Normal
"10nm",0.419,-1.493,-1.489,-0.990,1.343,Normal
"10nm",0.679,-0.678,0.167,-0.226,0.549,Normal
"10nm",0.623,0.821,1.444,0.807,0.883,Normal
"10nm",0.430,-0.085,1.754,-0.292,-0.203,Normal
"10nm",0.513,-0.920,1.620,2.189,-0.458,Warning
"10nm",0.674,0.369,-0.929,-0.462,-0.023,Normal
"10nm",0.669,-2.220,1.061,0.400,-0.151,Warning
"10nm",0.944,-1.029,-1.477,0.998,0.674,Normal
"10nm",0.484,-0.303,-1.552,-0.201,0.663,Normal
"10nm",0.842,1.336,0.878,-1.069,0.084,Normal
"10nm",0.584,-0.745,0.565,-1.100,-1.140,Normal
"10nm",0.645,0.219,1.145,0.741,2.304,Warning
"10nm",0.642,-0.125,1.412,-0.377,1.942,Normal
"10nm",0.375,-0.637,-0.371,0.479,-1.464,Normal
"10nm",0.501,-0.382,0.182,-0.314,0.128,Normal
"10nm",0.486,0.005,-0.375,0.445,0.260,Normal
"10nm",0.688,-0.472,-0.207,-1.607,0.564,Normal
"10nm",0.481,0.818,-0.661,1.368,1.066,Normal
"10nm",0.473,-0.121,0.140,0.752,-0.589,Normal
"10nm",0.934,0.646,-0.655,-1.000,-0.054,Normal
"10nm",0.757,1.120,0.339,-0.565,-0.207,Normal
"10nm",0.519,0.970,-0.114,0.773,-0.231,Normal
"10nm",0.300,-1.256,-0.214,2.366,-0.236,Warning
"10nm",0.641,-0.487,-0.469,0.890,0.111,Normal
"10nm",0.349,0.135,-1.693,1.389,-0.726,Normal
"10nm",0.493,-0.118,0.066,-0.069,-0.614,Normal
"10nm",0.420,0.074,-1.426,0.331,-0.266,Normal
"10nm",0.878,0.848,-0.091,0.745,-1.004,Normal
"10nm",0.658,0.632,-0.365,-1.130,0.394,Normal
"10nm",0.526,2.615,-0.148,1.313,-1.680,Warning
"10nm",0.445,0.151,0.574,1.032,0.599,Normal
"10nm",0.528,1.143,1.267,0.290,-0.180,Normal
"10nm",0.478,-1.279,-0.304,-1.994,-2.057,Warning
"10nm",0.520,-0.703,2.940,1.214,-0.577,Warning
"10nm",0.643,-0.053,-0.574,-0.442,-1.147,Normal
"10nm",0.350,1.258,0.587,1.742,0.267,Normal
"10nm",0.755,-0.499,-0.481,-0.934,0.817,Normal
"10nm",0.435,-0.794,0.916,1.843,1.172,Normal
"10nm",0.488,2.481,0.726,0.789,2.131,Warning
"10nm",0.754,0.531,1.154,0.801,-0.016,Normal
"10nm",0.547,0.419,0.567,0.923,0.878,Normal
"10nm",0.461,0.174,-0.891,0.447,0.284,Normal
"10nm",0.350,-0.327,0.365,1.458,-0.270,Normal
"10nm",0.445,0.594,-1.101,-1.407,-0.212,Normal
"10nm",0.563,0.252,0.361,-0.064,1.853,Normal
"10nm",0.417,-0.291,-0.305,-0.761,2.367,Warning
"10nm",0.365,0.318,-0.554,0.185,-0.526,Normal
"10nm",0.591,-0.058,1.197,0.970,0.148,Normal
"10nm",0.372,0.384,0.678,2.254,-0.129,Warning
"10nm",0.464,0.331,-0.015,-0.951,-0.023,Normal
"10nm",0.961,0.093,1.464,-0.240,-0.468,Normal
"10nm",0.780,0.667,-0.011,0.981,-1.012,Normal
"10nm",0.460,0.031,1.515,-1.236,0.467,Normal
"10nm",0.537,0.471,0.022,1.242,0.792,Normal
"10nm",0.441,0.043,1.181,0.929,0.168,Normal
"10nm",0.586,1.012,-1.653,0.208,0.513,Normal
"10nm",0.419,0.229,1.709,-0.958,-0.147,Normal
"10nm",0.671,0.438,0.435,-2.608,0.776,Warning
"10nm",0.639,0.425,-1.424,-0.428,-0.685,Normal
"10nm",0.451,-0.770,-0.103,-1.217,-2.175,Warning
"10nm",0.404,0.843,0.285,0.925,1.205,Normal
"10nm",0.322,-1.373,0.366,1.845,0.816,Normal
"10nm",0.564,-0.233,1.029,0.976,0.159,Normal
"10nm",0.663,1.362,0.774,1.256,1.046,Normal
"10nm",0.627,0.039,-0.894,0.653,-0.576,Normal
"10nm",0.617,-0.666,-0.373,-0.023,0.852,Normal
"10nm",0.905,-0.759,0.071,-1.575,-0.225,Normal
"10nm",0.883,-1.051,-1.695,-2.386,0.312,Warning
"10nm",0.672,-0.002,-0.233,0.805,-0.681,Normal
"10nm",0.673,-1.120,1.167,-3.069,-1.251,OOC
"10nm",0.448,-0.707,0.880,0.387,-0.891,Normal
"10nm",0.972,0.090,0.587,1.070,1.106,Normal
"10nm",0.650,0.118,1.033,-0.963,-1.303,Normal
"10nm",0.873,-1.327,-0.907,-0.409,-1.161,Normal
"10nm",0.406,0.800,-1.413,1.047,-0.214,Normal
"10nm",0.606,0.175,1.772,-0.356,-1.172,Normal
"10nm",0.697,0.096,-0.067,1.193,0.029,Normal
"10nm",0.690,-0.564,0.499,-1.450,-1.527,Normal
"10nm",0.616,1.203,0.156,0.841,-0.577,Normal
"10nm",0.759,-0.610,2.157,-0.261,-0.639,Warning
"10nm",0.553,-0.232,0.091,0.428,0.309,Normal
"10nm",0.586,0.992,0.021,-0.388,0.519,Normal
"10nm",0.475,-0.595,-0.437,0.142,-0.463,Normal
"10nm",0.616,-0.748,0.807,-0.028,0.805,Normal
"10nm",0.912,0.005,-0.040,-0.203,0.995,Normal
"10nm",0.546,0.038,1.518,-1.031,-1.586,Normal
"10nm",0.483,-0.548,1.634,-0.117,-0.353,Normal
"10nm",0.634,-0.850,0.050,0.281,0.580,Normal
"10nm",0.773,0.602,-0.170,0.276,-0.636,Normal
"10nm",0.486,-1.177,0.850,0.599,1.499,Normal
"10nm",0.776,0.253,-1.086,0.569,-0.758,Normal
"10nm",0.625,0.187,0.165,-0.267,-0.056,Normal
"10nm",0.564,1.372,2.220,-1.626,0.003,Warning
"10nm",0.480,-0.861,0.776,-1.705,-1.620,Normal
"10nm",0.781,-0.539,-1.248,-1.322,-1.369,Normal
"10nm",0.742,0.407,0.235,0.660,1.407,Normal
"10nm",0.622,0.121,0.085,0.466,-0.133,Normal
"10nm",0.428,0.270,0.677,1.574,-0.281,Normal
"10nm",0.631,0.190,-0.567,1.134,1.779,Normal
"10nm",0.673,-0.033,0.545,-0.958,-0.611,Normal
"10nm",0.582,-0.161,-1.331,0.248,-0.199,Normal
"10nm",0.908,-0.025,1.904,-1.413,0.386,Normal
"10nm",0.534,0.112,-0.110,1.101,0.562,Normal
"10nm",0.525,0.410,-0.906,-1.788,-0.485,Normal
"10nm",0.486,0.100,-1.543,0.671,0.261,Normal
"10nm",0.664,0.335,-1.042,0.901,-0.343,Normal
"10nm",0.651,1.902,0.002,0.425,-0.801,Normal
"10nm",0.456,-0.519,-1.564,-0.037,1.350,Normal
"10nm",0.606,0.272,-0.787,0.171,0.462,Normal
"10nm",0.486,-0.511,0.492,-1.744,-0.476,Normal
"10nm",0.727,0.677,0.254,0.561,-0.321,Normal
"10nm",0.600,-0.747,-0.219,-0.329,0.658,Normal
"10nm",0.700,1.286,0.370,-0.932,1.318,Normal
"10nm",0.654,0.550,-0.074,0.798,-1.445,Normal
"10nm",0.642,0.423,0.263,0.432,-0.052,Normal
"10nm",0.624,0.343,-0.907,0.258,0.405,Normal
"10nm",0.420,-1.417,-0.999,-0.837,-1.048,Normal
"10nm",0.488,0.554,1.246,-1.192,1.754,Normal
"10nm",0.446,0.273,0.264,4.731,0.970,OOC
"10nm",0.681,-0.715,0.512,0.589,1.698,Normal
"10nm",0.816,0.578,0.450,0.927,-0.748,Normal
"10nm",0.668,0.462,0.274,0.900,-1.552,Normal
"10nm",0.634,1.521,-0.191,-0.719,0.095,Normal
"10nm",0.535,0.594,1.057,1.371,-0.719,Normal
"10nm",0.491,0.743,-0.791,0.589,-1.591,Normal
"10nm",0.597,1.363,-0.337,-0.584,-2.141,Warning
"10nm",0.582,0.755,-0.608,0.571,0.832,Normal
"10nm",0.476,1.200,-1.612,-0.186,0.427,Normal
"10nm",0.529,0.806,-0.931,0.026,-0.731,Normal
"10nm",0.575,1.081,0.608,-0.176,-0.033,Normal
"10nm",0.783,1.440,-1.158,0.802,0.624,Normal
"10nm",0.371,1.599,0.172,2.480,-0.011,Warning
"10nm",0.683,0.581,0.659,-0.578,-0.641,Normal
"10nm",0.577,0.540,-0.061,-0.390,-0.923,Normal
"10nm",0.539,1.651,-0.406,-0.852,-0.704,Normal
"10nm",0.607,0.466,-0.797,-0.795,-0.588,Normal
"10nm",0.410,0.832,0.051,-0.934,-0.242,Normal
"10nm",0.611,0.297,0.490,-0.911,0.401,Normal
"10nm",0.731,0.202,-0.569,0.450,-0.555,Normal
"10nm",0.341,0.057,-0.246,1.843,-0.165,Normal
"10nm",0.888,-0.532,-0.456,-1.002,-1.232,Normal
"10nm",0.458,0.363,-0.800,-0.878,0.279,Normal
"10nm",0.390,-0.104,-0.154,1.102,0.410,Normal
"10nm",0.626,-0.190,-1.979,1.052,1.180,Normal
"10nm",0.693,-0.358,-0.573,0.312,0.286,Normal
"10nm",0.832,0.681,0.496,0.603,2.383,Warning
"10nm",0.661,1.450,-1.715,0.172,-0.437,Normal
"10nm",0.330,0.605,0.077,-0.055,-0.550,Normal
"10nm",0.606,-0.393,0.241,-1.183,0.833,Normal
"10nm",0.808,-0.657,-0.605,0.123,1.026,Normal
"10nm",0.404,0.191,0.841,-0.453,-1.635,Normal
"10nm",0.409,-0.494,0.675,0.229,-2.534,Warning
"10nm",0.695,-0.775,-1.303,0.398,0.605,Normal
"10nm",0.333,-0.226,-0.077,0.134,0.825,Normal
"10nm",0.456,0.204,-0.088,-0.053,-0.900,Normal
"10nm",0.644,2.349,-0.333,-1.137,-1.342,Warning
"10nm",0.791,0.351,-1.891,-0.738,-0.940,Normal
"10nm",0.469,0.440,0.141,-1.395,-0.378,Normal
"10nm",0.535,-0.081,-0.386,-0.544,1.337,Normal
"10nm",0.467,0.868,-0.833,-0.572,0.050,Normal
"10nm",0.629,0.240,-0.604,-0.203,-0.382,Normal
"10nm",0.521,-0.358,-1.843,-0.936,0.010,Normal
"10nm",0.385,-1.806,-0.388,2.094,-0.502,Warning
"10nm",0.644,-1.035,0.168,-0.608,-0.305,Normal
"10nm",0.655,-0.588,-0.227,0.330,-0.104,Normal
"10nm",0.731,-3.110,-0.074,-1.189,-0.779,OOC
"10nm",0.587,0.590,-0.315,-0.589,-1.417,Normal
"10nm",0.539,-0.449,1.099,0.844,-2.356,Warning
"10nm",0.631,-0.479,-1.773,-0.568,1.626,Normal
"10nm",0.524,-0.371,-0.290,0.328,-0.746,Normal
"10nm",0.339,-0.067,-0.672,0.661,-0.083,Normal
"10nm",0.665,-1.031,1.224,1.358,-1.792,Normal
"10nm",0.393,-0.555,0.121,0.158,1.255,Normal
"10nm",0.681,-1.365,-2.082,-0.291,0.536,Warning
"10nm",0.765,-0.175,-1.246,-0.743,-1.560,Normal
"10nm",0.410,-1.627,-0.966,-0.526,-0.752,Normal
"10nm",0.437,-0.860,-1.192,0.181,0.026,Normal
"10nm",0.486,-1.065,-1.140,0.504,2.037,Warning
"10nm",0.792,-0.509,-2.061,0.276,-0.077,Warning
"10nm",0.467,0.420,-1.871,0.488,0.825,Normal
"10nm",0.429,1.242,0.584,-1.031,-1.474,Normal
"10nm",0.495,0.321,-1.607,0.381,-0.619,Normal
"10nm",0.586,-0.133,-1.247,-1.131,-0.980,Normal
"10nm",0.883,-1.015,0.534,-0.239,1.282,Normal
"10nm",0.723,-1.915,-0.877,1.198,0.711,Normal
"10nm",0.431,0.764,-0.945,0.076,1.458,Normal
"10nm",0.645,0.504,-1.797,0.414,-0.376,Normal
"10nm",0.745,0.736,1.077,-0.261,-0.543,Normal
"10nm",0.441,2.539,0.186,-0.786,-0.219,Warning
"10nm",0.519,1.996,-0.899,-0.264,-1.963,Normal
"10nm",0.649,-0.812,0.463,-1.655,0.319,Normal
"10nm",0.364,0.464,-0.028,-0.557,-0.964,Normal
"10nm",0.665,1.040,-0.519,0.900,-0.178,Normal
"10nm",0.715,0.635,0.490,-1.317,-1.352,Normal
"10nm",0.499,0.243,1.851,-1.185,-0.979,Normal
"10nm",0.684,2.890,1.133,1.314,-0.251,Warning
"10nm",0.518,1.652,-1.011,0.550,-0.043,Normal
"10nm",0.702,2.080,1.529,-0.393,0.749,Warning
"10nm",0.631,1.119,-1.024,-0.198,-0.350,Normal
"10nm",0.665,1.225,1.065,-0.188,1.115,Normal
"10nm",0.350,1.083,1.880,0.183,1.953,Normal
"10nm",0.565,1.335,-0.467,0.578,-1.244,Normal
"10nm",0.590,1.854,-1.071,-1.393,0.250,Normal
"10nm",0.786,1.281,0.340,-1.391,-1.145,Normal
"10nm",0.666,-0.354,0.964,0.002,0.590,Normal
"10nm",0.456,1.991,-1.330,-0.221,0.135,Normal
"10nm",0.556,2.208,0.692,-0.188,-1.059,Warning
"10nm",0.658,0.033,-1.581,1.337,1.273,Normal
"10nm",0.683,1.491,-0.294,0.006,1.960,Normal
"10nm",0.492,0.791,0.354,-1.558,-0.290,Normal
"10nm",0.651,2.198,-0.105,0.087,-1.527,Warning
"10nm",0.286,0.920,-0.424,1.438,-1.058,Normal
"10nm",0.401,0.837,-0.905,1.153,-1.072,Normal
"10nm",0.428,1.217,-0.310,0.213,0.801,Normal
"10nm",0.717,1.857,0.029,-1.204,0.584,Normal
"10nm",0.757,1.162,-1.503,-0.618,1.138,Normal
"10nm",0.717,0.767,-1.871,-0.712,1.142,Normal
"10nm",0.550,-0.163,0.775,0.719,-0.503,Normal
"10nm",0.433,0.379,0.317,-0.640,-0.425,Normal
"10nm",0.599,1.302,-0.393,-0.724,-0.588,Normal
"10nm",0.487,1.551,-0.207,-0.820,1.370,Normal
"10nm",0.528,0.941,1.635,-0.608,-1.023,Normal
"10nm",0.462,-0.085,0.328,-0.168,-0.596,Normal
"10nm",0.367,2.247,-0.617,1.421,2.012,Warning
"10nm",0.465,-0.351,-1.061,-0.580,0.300,Normal
"10nm",0.581,1.058,-0.161,-0.360,1.106,Normal
"10nm",0.718,1.160,-0.050,-0.160,-1.054,Normal
"10nm",0.700,0.204,0.416,-0.992,0.095,Normal
"10nm",0.771,1.672,-0.179,0.557,-0.174,Normal
"10nm",0.823,0.209,0.782,1.250,0.489,Normal
"10nm",0.605,0.552,-0.572,-0.585,0.197,Normal
"10nm",0.444,-0.066,0.725,-0.208,-0.884,Normal
"10nm",0.336,1.887,0.372,0.429,0.095,Normal
"10nm",0.534,0.931,-0.725,-0.029,0.023,Normal
"10nm",0.253,0.674,0.606,1.901,0.326,Normal
"10nm",0.550,1.320,-0.688,1.098,0.433,Normal
"10nm",0.347,0.440,-0.086,-0.035,-1.339,Normal
"10nm",0.581,1.182,-0.857,-0.697,0.549,Normal
"10nm",0.481,-0.051,-2.709,0.139,-1.206,Warning
"10nm",0.570,0.568,-2.140,-0.143,1.231,Warning
"10nm",0.279,0.162,-1.659,1.579,-0.446,Normal
"10nm",0.407,0.788,-2.093,-1.747,0.484,Warning
"10nm",0.659,0.388,0.144,0.723,-0.307,Normal
"10nm",0.410,-0.741,-0.408,-0.746,1.574,Normal
"10nm",0.514,1.389,-1.459,1.263,0.143,Normal
"10nm",0.210,1.114,-2.366,1.890,-0.533,Warning
"10nm",0.444,0.423,-2.079,0.370,0.550,Warning
"10nm",0.369,-0.741,-0.672,-0.873,1.149,Normal
"10nm",0.501,0.893,-2.858,0.127,-0.630,Warning
"10nm",0.491,1.319,-1.217,-1.392,0.390,Normal
"10nm",0.548,1.466,-1.248,-1.178,2.113,Warning
"10nm",0.642,0.164,-0.073,0.847,0.930,Normal
"10nm",0.664,0.361,-0.657,-0.200,0.218,Normal
"10nm",0.500,1.514,-1.529,-0.393,-2.545,Warning
"10nm",0.753,-0.243,-0.227,0.032,0.166,Normal
"10nm",0.650,-0.022,0.027,0.220,0.208,Normal
"10nm",0.301,1.092,-1.931,0.132,0.718,Normal
"10nm",0.434,-1.023,-2.285,-0.278,-0.538,Warning
"10nm",0.566,1.194,-1.512,-1.350,-0.369,Normal
"10nm",0.442,1.497,-1.570,0.478,-2.841,Warning
"10nm",0.782,1.679,-1.318,0.141,0.529,Normal
"10nm",0.679,-0.525,1.993,-0.524,0.203,Normal
"14nm",0.348,-0.335,1.119,-0.798,-0.726,Normal
"14nm",0.370,0.435,-1.563,-0.653,-0.145,Normal
"14nm",0.155,0.611,-1.997,1.287,2.025,Warning
"14nm",0.248,2.392,-0.138,-1.325,0.798,Warning
"14nm",0.290,0.056,-1.743,-0.582,0.137,Normal
"14nm",0.254,0.817,-0.803,0.475,0.260,Normal
"14nm",0.248,0.341,0.194,1.609,1.088,Normal
"14nm",0.210,0.624,-1.039,1.453,-1.706,Normal
"14nm",0.225,2.371,-1.271,-0.841,0.727,Warning
"14nm",0.249,0.472,-1.203,0.705,0.830,Normal
"14nm",0.345,0.416,-0.684,0.311,0.791,Normal
"14nm",0.438,0.402,0.314,-0.078,0.660,Normal
"14nm",0.300,0.819,0.453,0.402,0.390,Normal
"14nm",0.333,1.582,-0.885,0.034,-0.849,Normal
"14nm",0.419,-0.431,-1.261,0.840,1.117,Normal
"14nm",0.369,1.396,-1.364,-0.708,0.925,Normal
"14nm",0.430,1.463,-0.552,1.319,-0.983,Normal
"14nm",0.544,-0.242,-0.384,-0.462,0.174,Normal
"14nm",0.457,-0.305,-0.382,0.216,-0.344,Normal
"14nm",0.251,1.035,-1.084,-0.686,1.868,Normal
"14nm",0.332,0.199,-1.043,-0.827,-0.075,Normal
"14nm",0.300,1.593,0.304,-1.024,-0.501,Normal
"14nm",0.539,-0.253,0.489,-0.162,0.312,Normal
"14nm",0.220,-0.104,-1.385,-0.195,1.453,Normal
"14nm",0.221,-0.327,-1.064,-0.814,-1.340,Normal
"14nm",0.439,-0.272,-0.481,-0.786,0.344,Normal
"14nm",0.345,-1.748,-0.623,0.293,-1.043,Normal
"14nm",0.398,0.991,-0.841,0.835,-0.751,Normal
"14nm",0.387,0.324,-0.230,0.619,0.630,Normal
"14nm",0.324,0.044,-0.570,-0.476,-0.944,Normal
"14nm",0.395,0.100,1.232,-1.726,-0.699,Normal
"14nm",0.296,-0.415,0.003,-0.492,-1.772,Normal
"14nm",0.759,-1.610,1.998,-2.037,-0.151,Warning
"14nm",0.275,-0.244,-0.037,1.081,0.701,Normal
"14nm",0.455,0.049,0.150,-1.155,-0.806,Normal
"14nm",0.293,0.274,-0.691,0.271,-1.277,Normal
"14nm",0.417,-0.862,-0.111,-0.134,-0.920,Normal
"14nm",0.217,1.142,0.307,0.694,0.428,Normal
"14nm",0.340,-0.973,0.810,-1.756,0.724,Normal
"14nm",0.387,-0.596,1.609,1.880,-0.217,Normal
"14nm",0.483,-1.132,-0.047,0.138,0.807,Normal
"14nm",0.289,-0.669,0.047,1.812,0.359,Normal
"14nm",0.270,-0.582,-0.671,0.672,-0.598,Normal
"14nm",0.420,-0.741,1.440,0.778,-0.312,Normal
"14nm",0.277,0.447,-0.375,0.090,0.744,Normal
"14nm",0.384,0.818,-0.732,-0.491,-0.375,Normal
"14nm",0.280,0.455,-0.644,0.051,0.808,Normal
"14nm",0.411,0.774,0.174,0.014,-1.072,Normal
"14nm",0.254,-0.243,0.962,-1.563,1.723,Normal
"14nm",0.380,-0.491,1.212,0.116,0.740,Normal
"14nm",0.242,-0.013,1.758,-0.568,-0.675,Normal
"14nm",0.351,-0.197,0.070,0.366,0.204,Normal
"14nm",0.245,-0.550,-0.417,-0.532,1.652,Normal
"14nm",0.363,0.690,0.209,-0.882,-1.325,Normal
"14nm",0.417,0.548,0.150,-1.005,-1.179,Normal
"14nm",0.254,-0.599,0.777,0.676,-1.171,Normal
"14nm",0.403,-0.849,0.946,1.275,-1.718,Normal
"14nm",0.231,-2.002,1.381,-0.694,0.416,Warning
"14nm",0.476,0.622,1.444,0.632,0.264,Normal
"14nm",0.248,0.002,0.276,-0.125,0.060,Normal
"14nm",0.416,0.978,0.095,-0.232,1.371,Normal
"14nm",0.433,-1.336,-0.646,-1.534,-0.957,Normal
"14nm",0.227,1.781,2.021,-0.962,-0.297,Warning
"14nm",0.389,-0.219,0.105,-0.569,-1.124,Normal
"14nm",0.323,-0.181,-0.357,-0.203,0.323,Normal
"14nm",0.311,0.383,1.226,-0.458,-0.468,Normal
"14nm",0.212,-0.630,-0.056,-0.019,0.634,Normal
"14nm",0.432,1.214,-1.213,0.859,0.405,Normal
"14nm",0.266,-0.088,0.603,0.327,0.575,Normal
"14nm",0.410,-1.126,0.013,0.398,-2.076,Warning
"14nm",0.435,-0.066,1.963,1.623,-0.970,Normal
"14nm",0.316,1.013,1.260,-0.368,0.724,Normal
"14nm",0.426,1.035,0.031,-1.645,1.018,Normal
"14nm",0.315,0.083,1.069,-0.351,0.281,Normal
"14nm",0.244,-1.282,1.142,-0.685,2.277,Warning
"14nm",0.471,-0.076,0.607,-2.016,1.198,Warning
"14nm",0.346,-1.600,1.235,0.769,0.349,Normal
"14nm",0.395,-1.839,-1.557,0.221,-0.816,Normal
"14nm",0.235,-0.927,0.706,1.023,0.284,Normal
"14nm",0.235,0.032,-0.959,0.235,1.770,Normal
"14nm",0.366,-1.728,0.528,-1.552,-1.062,Normal
"14nm",0.468,-0.847,-0.810,0.174,-1.130,Normal
"14nm",0.249,-0.113,-0.589,-1.178,-2.256,Warning
"14nm",0.327,-0.367,0.615,1.387,-0.247,Normal
"14nm",0.356,0.416,-0.075,-0.023,1.337,Normal
"14nm",0.338,-0.409,0.223,0.578,1.679,Normal
"14nm",0.330,-0.887,1.227,-0.230,0.570,Normal
"14nm",0.297,-0.828,-0.859,0.515,-0.166,Normal
"14nm",0.669,-0.233,1.368,-1.998,1.148,Normal
"14nm",0.374,-0.845,0.698,1.603,-0.397,Normal
"14nm",0.318,-0.950,0.024,-0.493,1.246,Normal
"14nm",0.409,-0.794,1.542,-0.306,-1.243,Normal
"14nm",0.363,3.126,-1.569,-1.680,-0.855,OOC
"14nm",0.359,-0.095,-0.921,2.685,-0.259,Warning
"14nm",0.299,0.043,-0.505,0.318,0.848,Normal
"14nm",0.343,-1.161,-1.837,-1.257,-1.130,Normal
"14nm",0.389,-0.917,-0.993,1.161,-1.005,Normal
"14nm",0.267,1.062,0.738,-0.925,1.191,Normal
"14nm",0.339,-0.164,0.877,0.606,-0.239,Normal
"14nm",0.262,-1.405,0.489,-0.666,0.219,Normal
"14nm",0.472,-0.920,-1.552,0.088,-0.663,Normal
"14nm",0.263,-0.688,0.982,-0.931,0.333,Normal
"14nm",0.361,-0.147,-0.001,-0.855,0.603,Normal
"14nm",0.398,0.113,-0.052,-0.960,0.093,Normal
"14nm",0.382,1.572,-0.146,-0.255,-0.484,Normal
"14nm",0.251,-0.274,-0.847,1.506,-1.807,Normal
"14nm",0.348,0.474,0.669,0.345,-0.024,Normal
"14nm",0.285,-0.365,-0.761,0.376,-0.796,Normal
"14nm",0.261,1.262,1.183,0.091,-1.345,Normal
"14nm",0.461,-1.813,-0.673,-2.436,0.717,Warning
"14nm",0.351,0.338,-0.324,0.839,-0.256,Normal
"14nm",0.346,0.417,0.085,1.351,0.993,Normal
"14nm",0.222,0.182,1.478,0.813,1.496,Normal
"14nm",0.314,1.136,-0.084,-0.739,0.339,Normal
"14nm",0.365,-0.529,1.077,1.512,0.625,Normal
"14nm",0.367,0.037,0.609,-1.100,-0.541,Normal
"14nm",0.384,-0.074,-0.621,-0.230,0.732,Normal
"14nm",0.352,0.520,-0.954,1.085,-1.249,Normal
"14nm",0.310,0.819,-0.331,0.675,-0.839,Normal
"14nm",0.404,0.564,-1.627,-1.119,0.024,Normal
"14nm",0.311,0.824,0.296,0.765,0.667,Normal
"14nm",0.235,0.273,1.214,-0.328,-2.464,Warning
"14nm",0.340,0.157,-0.896,2.807,0.091,Warning
"14nm",0.249,-0.724,0.735,-0.532,-0.458,Normal
"14nm",0.290,-0.189,-0.117,0.306,0.114,Normal
"14nm",0.228,1.893,0.445,0.933,-1.663,Normal
"14nm",0.184,1.829,-1.572,2.105,-1.089,Warning
"14nm",0.192,0.962,-1.360,-0.212,0.152,Normal
"14nm",0.284,0.273,-0.997,0.363,-1.614,Normal
"14nm",0.385,1.663,-2.962,0.653,-2.677,Warning
"14nm",0.410,0.943,0.684,-0.435,-0.498,Normal
"14nm",0.412,0.132,-1.884,-1.484,-0.842,Normal
"14nm",0.472,1.504,-1.592,-1.831,1.016,Normal
"14nm",0.307,1.540,-1.272,-0.473,-1.473,Normal
"14nm",0.374,0.843,0.071,2.163,0.056,Warning
"14nm",0.231,2.511,-1.638,-0.252,-1.078,Warning
"14nm",0.289,1.379,-0.560,-0.195,-0.799,Normal
"14nm",0.308,1.240,-0.931,-1.457,0.182,Normal
"14nm",0.355,1.604,-2.830,1.003,0.107,Warning
"14nm",0.234,1.488,-0.845,-0.555,0.064,Normal
"14nm",0.369,1.496,-1.074,1.115,-0.974,Normal
"14nm",0.399,1.315,-0.574,0.347,1.190,Normal
"14nm",0.338,2.062,-1.514,0.015,-1.664,Warning
"14nm",0.218,0.603,-0.906,1.458,-0.627,Normal
"14nm",0.400,1.970,-0.580,0.749,-0.672,Normal
"14nm",0.208,0.709,0.499,0.802,-1.233,Normal
"14nm",0.395,2.433,-2.838,0.390,-0.988,Warning
"14nm",0.249,-0.707,0.629,1.336,1.613,Normal
"14nm",0.283,1.582,0.172,-0.187,1.309,Normal
"14nm",0.283,2.407,-1.483,0.793,1.045,Warning
"14nm",0.469,0.664,0.939,-0.721,-0.223,Normal
"14nm",0.235,-1.711,-0.675,-0.752,-0.296,Normal
"14nm",0.439,-1.109,1.374,-0.801,0.850,Normal
"14nm",0.261,-0.486,0.175,-0.718,-0.812,Normal
"14nm",0.339,-1.482,0.240,-0.456,0.002,Normal
"14nm",0.324,-0.243,1.858,0.408,0.644,Normal
"14nm",0.326,-0.039,1.076,-0.306,0.531,Normal
"14nm",0.691,-1.311,1.358,-2.101,-0.001,Warning
"14nm",0.425,-1.527,-0.761,0.488,0.618,Normal
"14nm",0.284,-1.012,1.497,0.158,0.884,Normal
"14nm",0.279,-1.001,2.052,0.917,-0.282,Warning
"14nm",0.221,-0.827,1.186,1.344,-1.387,Normal
"14nm",0.457,-1.426,-0.361,0.304,-0.588,Normal
"14nm",0.409,-0.893,-0.670,0.569,-0.731,Normal
"14nm",0.264,-0.868,-0.012,0.062,-0.344,Normal
"14nm",0.331,-1.956,0.144,0.423,1.241,Normal
"14nm",0.374,-0.349,0.777,0.104,0.015,Normal
"14nm",0.428,-0.194,-0.263,-0.016,-0.141,Normal
"14nm",0.452,-1.037,1.565,0.820,0.216,Normal
"14nm",0.240,-0.791,1.582,0.437,-0.280,Normal
"14nm",0.410,-0.940,-0.441,0.237,0.685,Normal
"14nm",0.405,0.270,1.843,-1.657,-0.184,Normal
"14nm",0.555,-0.686,0.044,-1.816,0.472,Normal
"14nm",0.322,-0.354,0.869,-0.122,-0.699,Normal
"14nm",0.404,-0.181,0.041,0.862,0.786,Normal
"14nm",0.306,-0.244,-0.503,1.041,0.857,Normal
"14nm",0.444,-1.074,-0.746,1.510,0.088,Normal
"14nm",0.421,-0.063,1.950,-0.171,-1.342,Normal
"14nm",0.371,-0.972,-0.337,0.016,0.970,Normal
"14nm",0.284,0.061,1.462,0.268,-1.856,Normal
"14nm",0.344,-0.761,0.243,-2.259,-2.177,Warning
"14nm",0.386,-0.795,0.902,-0.163,1.415,Normal
"14nm",0.245,0.434,0.987,-0.122,0.587,Normal
"14nm",0.418,0.999,-1.327,-0.229,-0.747,Normal
"14nm",0.194,0.524,0.905,0.160,1.561,Normal
"14nm",0.370,0.528,0.099,-0.146,-0.413,Normal
"14nm",0.453,0.227,-0.261,0.803,1.022,Normal
"14nm",0.359,-0.448,-0.198,-1.166,0.114,Normal
"14nm",0.396,1.055,0.420,0.027,0.174,Normal
"14nm",0.180,-0.167,0.118,-0.993,2.318,Warning
"14nm",0.290,-2.210,-0.234,-0.347,-1.256,Warning
"14nm",0.372,0.067,0.383,1.042,-1.241,Normal
"14nm",0.313,-0.187,-0.685,1.924,-1.199,Normal
"14nm",0.318,-1.094,1.261,1.019,1.120,Normal
"14nm",0.399,0.816,-0.826,2.180,0.175,Warning
"14nm",0.403,-0.620,-0.397,-0.117,-1.645,Normal
"14nm",0.461,-0.509,0.845,0.043,-0.351,Normal
"14nm",0.334,-0.437,2.011,0.422,-0.021,Warning
"14nm",0.349,0.134,-1.203,-0.198,1.063,Normal
"14nm",0.428,-0.097,-0.122,-1.503,0.964,Normal
"14nm",0.296,-0.727,-1.429,0.443,1.319,Normal
"14nm",0.371,-1.046,1.520,-0.265,0.458,Normal
"14nm",0.278,1.036,-0.121,-0.105,-1.252,Normal
"14nm",0.425,-1.024,1.079,0.401,-0.262,Normal
"14nm",0.470,-0.853,1.628,-1.466,1.102,Normal
"14nm",0.548,-1.609,0.850,-1.577,1.133,Normal
"14nm",0.333,-0.346,1.143,2.558,-0.637,Warning
"14nm",0.372,-0.481,1.963,-0.616,-0.365,Normal
"14nm",0.347,-1.813,0.455,0.153,-2.294,Warning
"14nm",0.284,0.989,0.083,0.021,-0.581,Normal
"14nm",0.291,-0.503,0.028,2.023,-1.257,Warning
"14nm",0.283,-0.404,1.280,1.654,-0.260,Normal
"14nm",0.301,0.780,0.554,-0.351,0.586,Normal
"14nm",0.225,-0.468,0.713,0.224,0.190,Normal
"14nm",0.258,-1.157,0.261,-1.362,1.073,Normal
"14nm",0.342,-1.507,1.095,-0.220,0.010,Normal
"14nm",0.384,-1.341,0.173,-0.631,0.045,Normal
"14nm",0.274,-0.005,0.248,-0.568,1.696,Normal
"14nm",0.355,-1.467,0.557,1.141,-0.916,Normal
"14nm",0.387,-1.934,-0.248,-0.287,-0.975,Normal
"14nm",0.460,-0.896,-0.257,-0.046,-0.753,Normal
"14nm",0.240,-0.708,-0.233,-0.134,-1.024,Normal
"14nm",0.258,-1.428,-0.381,1.021,-0.349,Normal
"14nm",0.441,-0.819,-0.354,-0.058,1.340,Normal
"14nm",0.150,0.033,-0.096,1.795,1.709,Normal
"14nm",0.319,0.121,1.266,0.374,-0.512,Normal
"14nm",0.148,0.351,-0.426,-1.188,1.688,Normal
"14nm",0.689,0.910,-0.824,-2.378,-0.047,Warning
"14nm",0.358,-0.434,0.299,0.753,-0.086,Normal
"14nm",0.312,0.663,0.608,0.151,-0.014,Normal
"14nm",0.268,1.156,-1.232,0.960,1.939,Normal
"14nm",0.394,-0.438,-2.097,-0.767,0.599,Warning
"14nm",0.512,-0.079,0.144,-2.337,-0.960,Warning
"14nm",0.181,1.532,0.502,1.628,1.968,Normal
"14nm",0.387,-1.105,0.231,0.467,-0.204,Normal
"14nm",0.401,-0.208,-1.353,0.392,0.256,Normal
"14nm",0.284,-0.502,0.833,-0.346,1.256,Normal
"14nm",0.202,0.738,0.010,0.812,2.296,Warning
"14nm",0.367,1.760,-0.467,-0.847,-0.367,Normal
"14nm",0.261,1.117,0.561,-0.668,-0.033,Normal
"14nm",0.244,-0.374,0.061,-1.289,-0.358,Normal
"14nm",0.202,2.025,-0.755,-0.424,1.201,Warning
"14nm",0.277,-0.031,-1.546,-0.765,-0.234,Normal
"14nm",0.357,-0.330,0.307,-0.218,0.735,Normal
"14nm",0.337,-1.250,0.156,-0.482,-0.304,Normal
"14nm",0.374,0.836,0.335,-0.490,0.890,Normal
"14nm",0.387,0.680,-1.421,-1.581,1.625,Normal
"14nm",0.298,0.619,-0.422,-0.356,-0.057,Normal
"14nm",0.369,0.061,-1.188,1.314,0.467,Normal
"14nm",0.390,-0.008,0.314,0.117,-0.616,Normal
"22nm",0.294,1.712,-0.173,-0.209,-0.553,Normal
"22nm",0.310,0.003,-1.871,2.671,-0.274,Warning
"22nm",0.213,-0.548,-0.328,-0.085,-0.623,Normal
"22nm",0.340,0.694,-1.635,0.216,-1.563,Normal
"22nm",0.228,1.192,-0.819,0.796,-1.570,Normal
"22nm",0.345,0.571,-1.958,-1.538,-1.123,Normal
"22nm",0.283,1.067,-1.907,0.252,-0.346,Normal
"22nm",0.410,2.224,-1.504,-0.138,-0.816,Warning
"22nm",0.311,1.197,0.944,0.824,0.200,Normal
"22nm",0.267,0.960,-0.304,1.940,0.279,Normal
"22nm",0.268,0.539,-1.888,-0.401,1.006,Normal
"22nm",0.340,1.085,0.343,1.374,0.002,Normal
"22nm",0.303,0.329,-0.102,-1.212,0.215,Normal
"22nm",0.213,0.731,-0.886,-0.524,1.922,Normal
"22nm",0.310,-0.778,-0.284,0.488,1.107,Normal
"22nm",0.353,0.911,-1.323,-0.563,-0.241,Normal
"22nm",0.346,0.461,-0.173,-0.477,-0.772,Normal
"22nm",0.449,0.791,-1.965,0.879,-1.195,Normal
"22nm",0.373,0.806,-2.377,0.363,-0.509,Warning
"22nm",0.440,1.900,0.150,-0.342,0.087,Normal
"22nm",0.275,1.211,-2.938,-0.914,0.741,Warning
"22nm",0.386,1.198,-0.024,1.455,0.341,Normal
"22nm",0.432,0.362,0.788,0.915,0.062,Normal
"22nm",0.202,1.913,0.390,-1.843,1.277,Normal
"22nm",0.185,0.769,-1.400,1.341,3.222,OOC
"22nm",0.371,0.573,0.152,2.128,1.084,Warning
"22nm",0.295,0.954,-0.861,0.744,-1.646,Normal
"22nm",0.298,1.222,0.231,0.510,0.690,Normal
"22nm",0.453,0.911,-0.610,-0.266,0.131,Normal
"22nm",0.228,0.121,1.402,-0.998,-0.429,Normal
"22nm",0.387,0.289,0.223,-0.579,1.242,Normal
"22nm",0.220,0.699,0.650,-0.553,0.713,Normal
"22nm",0.356,-0.570,0.515,-1.154,0.159,Normal
"22nm",0.326,0.342,-0.324,-2.069,-0.586,Warning
"22nm",0.341,1.068,-0.896,-0.061,0.682,Normal
"22nm",0.286,1.526,-1.478,-0.175,0.762,Normal
"22nm",0.317,0.968,-0.145,1.209,0.121,Normal
"22nm",0.285,1.551,-1.464,-0.163,1.281,Normal
"22nm",0.348,-0.477,1.468,0.694,-0.882,Normal
"22nm",0.461,1.382,0.068,1.000,-0.675,Normal
"22nm",0.521,0.993,0.108,0.413,-1.625,Normal
"22nm",0.233,0.934,-0.218,0.722,0.076,Normal
"22nm",0.213,1.896,-0.339,-0.815,2.227,Warning
"22nm",0.405,0.796,-0.156,-0.364,-2.418,Warning
"22nm",0.409,0.330,0.060,1.680,1.209,Normal
"22nm",0.257,0.696,-1.317,-0.100,1.604,Normal
"22nm",0.181,-0.711,0.798,-0.783,1.616,Normal
"22nm",0.272,0.870,1.682,-0.742,-0.537,Normal
"22nm",0.199,1.250,-0.337,0.305,0.264,Normal
"22nm",0.618,1.158,0.019,-0.028,0.750,Normal
"22nm",0.355,-1.221,-0.164,0.637,-0.049,Normal
"22nm",0.433,-0.440,-0.148,1.315,-0.238,Normal
"22nm",0.317,-2.250,0.764,-0.479,1.561,Warning
"22nm",0.274,-1.133,-0.089,0.044,-0.747,Normal
"22nm",0.232,-1.103,-1.139,-0.214,-0.983,Normal
"22nm",0.313,-0.806,-0.254,-0.665,-1.639,Normal
"22nm",0.325,-1.801,0.506,0.210,0.489,Normal
"22nm",0.291,-1.615,0.013,0.502,1.282,Normal
"22nm",0.341,-0.071,0.708,0.900,0.285,Normal
"22nm",0.390,-1.663,-0.249,-0.876,-0.222,Normal
"22nm",0.382,-0.776,1.358,-1.227,-0.050,Normal
"22nm",0.358,-0.082,-0.703,1.007,-1.848,Normal
"22nm",0.439,-1.042,0.182,1.204,1.097,Normal
"22nm",0.409,-1.308,-0.328,-0.534,0.272,Normal
"22nm",0.276,-0.927,-1.537,-0.024,0.522,Normal
"22nm",0.441,-0.734,0.048,-0.941,-0.090,Normal
"22nm",0.313,-1.156,-0.160,-0.153,-1.104,Normal
"22nm",0.336,-1.792,0.101,0.073,-0.980,Normal
"22nm",0.436,-0.478,-1.783,-0.374,-0.985,Normal
"22nm",0.284,-1.623,1.043,0.583,2.046,Warning
"22nm",0.240,-0.063,0.944,-0.859,0.355,Normal
"22nm",0.346,-1.913,1.229,-0.657,0.343,Normal
"22nm",0.375,0.173,-0.062,0.019,-0.738,Normal
"22nm",0.436,-0.275,0.910,1.054,0.142,Normal
"22nm",0.610,-0.774,0.184,-1.196,-0.387,Normal
"22nm",0.216,-1.422,0.295,-0.113,-0.495,Normal
"22nm",0.279,-0.998,1.245,1.364,-0.589,Normal
"22nm",0.324,0.459,1.802,-1.326,1.492,Normal
"22nm",0.292,-0.752,0.336,-0.795,1.078,Normal
"22nm",0.248,-0.069,1.122,0.736,-1.313,Normal
"22nm",0.353,-1.321,0.301,-0.451,0.539,Normal
"22nm",0.362,-0.587,0.846,-0.947,0.106,Normal
"22nm",0.416,-0.206,0.848,-0.624,-0.542,Normal
"22nm",0.561,-0.146,0.971,-0.392,-0.704,Normal
"22nm",0.475,-0.241,0.894,-0.532,1.302,Normal
"22nm",0.400,-1.121,1.225,-1.628,-0.038,Normal
"22nm",0.475,-1.574,1.667,1.739,0.644,Normal
"22nm",0.587,-0.208,-1.268,-1.626,-0.698,Normal
"22nm",0.382,-1.207,0.851,-0.874,0.188,Normal
"22nm",0.582,-0.607,2.181,0.674,-1.245,Warning
"22nm",0.385,-0.012,-0.218,-1.227,-0.454,Normal
"22nm",0.354,-0.101,0.841,-0.205,0.151,Normal
"22nm",0.254,-1.054,-0.367,-1.605,-0.206,Normal
"22nm",0.225,-0.978,1.201,-1.442,1.694,Normal
"22nm",0.285,-0.167,1.340,1.804,-0.676,Normal
"22nm",0.472,-1.100,1.183,0.886,0.086,Normal
"22nm",0.281,-0.687,0.950,-0.500,-1.802,Normal
"22nm",0.404,-2.171,1.343,-1.874,-0.907,Warning
"22nm",0.253,-1.115,0.792,0.487,-0.667,Normal
"22nm",0.470,-0.537,1.494,-0.551,-0.544,Normal
"22nm",0.230,0.201,1.820,-0.168,-0.894,Normal
"22nm",0.399,0.764,-0.378,0.188,1.118,Normal
"22nm",0.218,0.817,0.903,1.586,-0.376,Normal
"22nm",0.324,-0.735,-0.807,0.378,-0.588,Normal
"22nm",0.296,0.821,0.674,-0.139,0.465,Normal
"22nm",0.366,-0.257,-0.373,1.472,-1.579,Normal
"22nm",0.303,0.941,-0.535,-0.197,-0.341,Normal
"22nm",0.258,1.041,-0.104,-0.008,1.191,Normal
"22nm",0.410,0.318,-0.971,-1.399,-0.495,Normal
"22nm",0.385,-0.291,0.004,-1.451,0.781,Normal
"22nm",0.407,-0.400,-0.015,2.073,0.290,Warning
"22nm",0.417,-0.107,-1.322,0.136,-1.680,Normal
"22nm",0.237,-1.178,2.062,-1.532,0.107,Warning
"22nm",0.251,0.449,-0.241,0.821,-1.253,Normal
"22nm",0.414,-0.653,-0.346,0.494,-1.448,Normal
"22nm",0.395,0.622,-0.502,-1.186,0.354,Normal
"22nm",0.394,0.602,-0.006,-0.954,-0.211,Normal
"22nm",0.226,-0.771,-0.108,1.379,-0.027,Normal
"22nm",0.339,0.759,0.337,-0.832,1.295,Normal
"22nm",0.293,-0.375,0.224,2.355,-0.342,Warning
"22nm",0.424,-0.402,0.125,0.699,1.032,Normal
"22nm",0.292,0.810,-0.713,-0.305,-1.106,Normal
"22nm",0.338,0.158,-0.098,-0.530,0.026,Normal
"22nm",0.237,-1.457,-1.051,0.224,0.497,Normal
"22nm",0.213,1.047,0.185,0.744,1.763,Normal
"28nm",0.245,-0.703,0.405,-0.514,-0.205,Normal
"28nm",0.150,-0.173,0.582,-0.684,3.562,OOC
"28nm",0.223,-0.256,1.283,0.354,0.143,Normal
"28nm",0.284,-0.979,-1.102,-0.227,-1.102,Normal
"28nm",0.348,-0.303,0.839,0.317,-0.181,Normal
"28nm",0.665,-0.410,-0.616,-1.950,0.470,Normal
"28nm",0.328,0.401,-1.185,1.404,-0.292,Normal
"28nm",0.282,0.020,-1.192,-1.607,-0.553,Normal
"28nm",0.368,0.391,-2.325,-0.164,1.371,Warning
"28nm",0.242,-1.317,-0.449,1.194,-0.794,Normal
"28nm",0.224,-0.819,2.258,0.352,2.004,Warning
"28nm",0.392,0.403,-0.662,-0.904,-1.215,Normal
"28nm",0.270,-0.129,0.494,-0.207,2.032,Warning
"28nm",0.303,-0.185,1.108,-0.637,1.084,Normal
"28nm",0.247,0.099,0.626,0.044,-0.247,Normal
"28nm",0.254,-0.759,-0.404,-0.708,0.741,Normal
"28nm",0.251,-0.255,-0.063,0.142,-1.416,Normal
"28nm",0.242,0.511,0.450,0.718,1.244,Normal
"28nm",0.338,1.079,0.711,-1.690,0.555,Normal
"28nm",0.268,-1.951,-0.822,0.513,1.209,Normal
"28nm",0.398,-0.661,0.441,1.131,-0.305,Normal
"28nm",0.285,0.643,-0.687,-1.244,1.542,Normal
"28nm",0.348,1.701,0.040,0.663,-0.889,Normal
"28nm",0.316,0.243,0.195,0.816,-1.754,Normal
"28nm",0.497,-1.158,1.614,-1.665,-2.162,Warning
"28nm",0.537,-1.220,-0.766,0.165,-1.415,Normal
"28nm",0.197,-1.697,-0.192,-0.132,1.978,Normal
"28nm",0.307,-0.706,0.638,-0.860,-1.827,Normal
"28nm",0.318,-0.690,0.199,-0.704,-0.292,Normal
"28nm",0.232,-0.704,-0.934,-1.145,1.178,Normal
"28nm",0.307,-0.146,1.786,0.764,-0.967,Normal
"28nm",0.370,0.401,-0.643,-1.208,-0.755,Normal
"28nm",0.275,-0.140,0.009,-1.900,-0.727,Normal
"28nm",0.229,0.981,-0.829,-0.799,0.832,Normal
"28nm",0.526,-0.433,1.241,-0.538,0.400,Normal
"28nm",0.266,-0.998,1.446,-0.476,0.207,Normal
"28nm",0.295,-1.397,1.503,-0.745,-1.398,Normal
"28nm",0.375,1.360,0.610,-1.997,-0.044,Normal
"28nm",0.426,-0.404,1.823,0.635,-0.596,Normal
"28nm",0.411,-0.516,-1.002,-0.048,0.768,Normal
"28nm",0.219,-0.764,-0.149,0.052,0.889,Normal
"28nm",0.394,-0.450,0.560,0.511,0.139,Normal
"28nm",0.566,-0.468,-0.690,-0.653,-0.005,Normal
"28nm",0.222,0.832,1.257,-0.161,0.809,Normal
"28nm",0.381,-0.161,1.462,0.515,-0.145,Normal
"28nm",0.306,-1.938,-0.207,-0.211,0.131,Normal
"28nm",0.224,0.235,0.167,-0.833,-2.448,Warning
"28nm",0.446,-0.583,0.205,-2.008,-1.478,Warning
"28nm",0.311,-1.618,0.103,-0.872,0.748,Normal
"28nm",0.512,0.865,0.061,-2.110,1.646,Warning
"28nm",0.401,1.176,0.146,0.119,0.776,Normal
"28nm",0.283,-0.082,1.010,0.727,-2.089,Warning
"28nm",0.439,1.846,-0.478,0.513,0.618,Normal
"28nm",0.483,1.018,0.572,0.430,-0.183,Normal
"28nm",0.410,1.197,-1.051,-0.723,0.304,Normal
"28nm",0.525,1.503,0.190,-0.888,0.463,Normal
"28nm",0.372,2.177,0.047,0.005,-0.556,Warning
"28nm",0.378,2.383,0.603,0.351,0.525,Warning
"28nm",0.449,0.578,0.314,0.279,-0.470,Normal
"28nm",0.607,0.468,0.005,-2.112,-0.314,Warning
"28nm",0.319,-0.208,0.672,-0.052,-0.239,Normal
"28nm",0.370,0.868,0.519,-0.073,0.742,Normal
"28nm",0.268,2.185,-1.397,2.766,-1.667,Warning
"28nm",0.320,1.877,-0.001,1.174,0.147,Normal
"28nm",0.293,1.886,-1.290,-1.090,0.571,Normal
"28nm",0.364,1.583,-0.862,-1.573,-1.663,Normal
"28nm",0.399,1.039,-0.756,0.057,0.639,Normal
"28nm",0.313,0.748,-0.156,-0.873,-1.343,Normal
"28nm",0.266,0.477,-0.452,-1.361,1.005,Normal
"28nm",0.403,0.929,-1.340,2.119,-1.811,Warning
"28nm",0.337,1.503,-0.988,0.773,0.370,Normal
"28nm",0.311,0.343,-0.123,1.290,-1.478,Normal
"28nm",0.365,1.583,-0.495,0.635,0.182,Normal
"28nm",0.347,0.354,1.118,-0.545,0.131,Normal
"28nm",0.309,1.442,0.515,1.643,-0.868,Normal
"28nm",0.298,-0.589,-0.680,0.770,-0.934,Normal
"28nm",0.364,0.390,-0.656,-0.275,-0.121,Normal
"28nm",0.310,0.296,-1.068,-0.700,0.077,Normal
"28nm",0.348,-0.179,-0.381,-0.191,0.214,Normal
"28nm",0.418,-0.063,-1.014,1.767,-1.331,Normal
"28nm",0.292,0.784,0.484,-0.089,0.196,Normal
"28nm",0.274,1.425,-0.243,-0.426,-0.127,Normal
"28nm",0.247,-0.087,0.177,-0.205,-1.705,Normal
"28nm",0.246,0.018,-1.331,-0.415,-1.263,Normal
"28nm",0.443,1.801,-0.307,-1.135,-1.244,Normal
"28nm",0.495,0.857,-0.614,0.074,1.157,Normal
"28nm",0.245,-0.271,-0.783,-1.077,0.977,Normal
"28nm",0.398,-0.121,-0.800,-1.194,-1.328,Normal
"28nm",0.255,1.387,-0.508,1.610,-0.577,Normal
"28nm",0.367,0.203,-0.453,0.099,-0.519,Normal
"28nm",0.394,-0.210,0.182,1.216,-0.628,Normal
"28nm",0.366,1.994,-0.047,-0.962,-0.520,Normal
"28nm",0.416,-0.137,-0.685,3.050,0.628,OOC
"28nm",0.238,0.275,0.349,1.977,0.681,Normal
"28nm",0.410,-0.288,-0.502,-1.531,0.986,Normal
"28nm",0.267,-0.555,-0.639,1.229,-1.396,Normal
"28nm",0.337,0.094,0.204,-1.109,-0.793,Normal
"28nm",0.256,1.320,0.046,-1.113,0.769,Normal
"28nm",0.460,0.987,0.425,-2.307,2.245,Warning
"28nm",0.367,1.105,0.023,0.544,-0.646,Normal
"28nm",0.346,1.747,-0.267,1.760,0.823,Normal
"28nm",0.448,0.058,-1.622,-1.428,0.102,Normal
"28nm",0.400,-2.563,-0.800,-1.228,1.776,Warning
"28nm",0.399,-0.770,-0.828,-1.279,0.517,Normal
"28nm",0.330,-0.915,-1.247,-0.648,-0.157,Normal
"28nm",0.460,-0.878,-0.380,1.247,0.467,Normal
"28nm",0.285,-0.367,-2.885,-0.879,0.090,Warning
"28nm",0.454,-1.137,-2.956,-0.033,-0.809,Warning
"28nm",0.267,-2.445,-1.656,-0.680,1.401,Warning
"28nm",0.320,-1.080,-1.280,-0.292,-1.553,Normal
"28nm",0.462,0.829,0.694,-0.277,-1.908,Normal
"28nm",0.311,-0.404,-0.102,0.196,0.746,Normal
"28nm",0.222,0.097,-0.448,0.365,-0.113,Normal
"28nm",0.374,-0.678,-0.531,0.412,0.701,Normal
"28nm",0.257,0.297,0.315,-0.254,-0.771,Normal
"28nm",0.424,-1.047,-0.259,0.098,0.063,Normal
"28nm",0.328,1.413,-0.793,-0.339,0.379,Normal
"28nm",0.364,-1.436,-0.650,1.647,-0.594,Normal
"28nm",0.267,-0.376,0.490,0.643,-0.698,Normal
"28nm",0.208,-1.636,-0.980,-1.395,1.588,Normal
"28nm",0.222,-0.953,-0.670,-0.077,1.179,Normal
"28nm",0.347,1.325,-0.291,0.221,1.435,Normal
"28nm",0.333,-0.428,-0.815,1.861,1.474,Normal
"28nm",0.229,-0.327,-1.966,1.030,0.162,Normal
"28nm",0.353,-1.106,-0.147,0.291,-0.190,Normal
"28nm",0.340,0.725,-0.730,0.427,-1.794,Normal
"28nm",0.250,0.318,1.323,2.581,0.604,Warning
"28nm",0.446,-0.479,1.517,0.155,-1.587,Normal
"28nm",0.290,-2.613,1.381,0.188,0.582,Warning
"28nm",0.240,-0.481,-0.423,-0.113,-0.488,Normal
"28nm",0.239,-1.684,-0.709,0.833,0.300,Normal
"28nm",0.344,-1.823,1.513,0.020,-1.177,Normal
"28nm",0.432,-0.780,-1.008,-0.010,0.337,Normal
"28nm",0.473,-1.081,-0.342,-0.829,0.968,Normal
"28nm",0.410,1.435,0.219,0.128,0.210,Normal
"28nm",0.282,-0.659,0.089,0.204,1.099,Normal
"28nm",0.217,-1.437,2.063,0.913,-0.744,Warning
"28nm",0.433,-1.858,2.619,-1.811,-0.335,Warning
"28nm",0.323,-2.308,0.176,0.760,-1.139,Warning
"28nm",0.403,-1.462,-2.243,0.127,1.432,Warning
"28nm",0.413,0.180,0.009,-0.971,1.023,Normal
"28nm",0.231,-0.523,0.846,1.630,-0.451,Normal
"28nm",0.258,0.099,-0.168,0.092,-0.298,Normal
"28nm",0.312,-0.706,-0.206,-0.221,1.299,Normal
"28nm",0.462,0.082,1.687,-1.146,-0.252,Normal
"28nm",0.315,-2.905,0.160,0.173,-0.558,Warning
"28nm",0.271,0.186,-0.317,0.491,0.531,Normal
"28nm",0.316,-0.830,0.794,1.856,0.630,Normal
"28nm",0.358,0.722,1.654,0.474,0.578,Normal
"28nm",0.348,-1.657,-0.292,-0.231,0.418,Normal
"28nm",0.384,0.507,-0.598,-0.033,0.555,Normal
"28nm",0.474,-0.828,0.392,0.229,1.692,Normal
"28nm",0.362,2.495,0.292,1.208,-0.455,Warning
"28nm",0.235,-1.445,0.006,1.370,-0.349,Normal
"28nm",0.245,-0.873,-0.059,1.337,0.768,Normal
"28nm",0.394,1.112,0.778,-0.504,-0.518,Normal
"28nm",0.593,-0.387,0.505,-0.245,1.147,Normal
"28nm",0.347,-0.977,0.485,-0.514,-0.070,Normal
"28nm",0.376,-0.917,-0.139,-0.349,0.397,Normal
"28nm",0.255,-1.602,0.812,-0.171,-0.162,Normal
"28nm",0.404,-1.399,1.043,-1.589,0.612,Normal
"28nm",0.353,-0.388,2.406,0.024,1.103,Warning
"28nm",0.297,-0.795,1.165,1.609,1.875,Normal
"28nm",0.500,-0.403,0.266,-1.473,0.838,Normal
"28nm",0.355,0.149,1.610,-1.463,0.694,Normal
"28nm",0.432,0.691,2.270,-0.743,-0.334,Warning
"28nm",0.393,0.347,0.963,1.065,1.638,Normal
"28nm",0.396,0.317,0.006,0.623,-0.609,Normal
"28nm",0.379,-0.727,1.360,-2.008,-0.143,Warning
"28nm",0.421,-1.389,-0.375,-0.377,-0.983,Normal
"28nm",0.442,-0.641,-0.856,-0.696,-0.674,Normal
"28nm",0.270,-0.388,2.502,-0.873,-0.382,Warning
"28nm",0.515,-0.410,-0.981,-0.629,1.097,Normal
"28nm",0.430,-1.177,0.212,-0.650,-0.461,Normal
"28nm",0.293,-0.304,2.179,-1.650,0.348,Warning
"28nm",0.412,0.903,-0.473,1.430,-1.269,Normal
"28nm",0.392,-0.694,1.913,0.077,-0.357,Normal
"28nm",0.266,0.243,0.103,-0.582,-0.864,Normal
"28nm",0.252,-0.167,-1.463,0.409,2.430,Warning
"28nm",0.385,-0.087,-0.169,1.150,0.865,Normal
"28nm",0.465,-0.004,1.453,1.014,-1.046,Normal
"28nm",0.304,-0.104,0.631,0.378,0.922,Normal
"28nm",0.359,1.476,-0.023,0.806,-0.223,Normal
"28nm",0.342,1.643,1.842,-1.469,0.871,Normal
"28nm",0.298,1.366,0.459,-0.372,-1.492,Normal
"28nm",0.372,-0.950,1.527,0.223,-0.434,Normal
"28nm",0.318,-0.782,0.634,-0.547,-1.077,Normal
"28nm",0.258,-0.103,-0.053,0.886,1.151,Normal
"28nm",0.297,-0.690,1.225,-0.805,0.369,Normal
"28nm",0.298,-3.067,1.076,0.126,-1.548,OOC
"28nm",0.404,0.791,-0.735,0.107,-0.408,Normal
"28nm",0.351,-0.936,0.569,0.700,-0.909,Normal
"28nm",0.358,0.193,-0.364,1.520,1.085,Normal
"28nm",0.242,-0.562,1.125,0.001,-0.965,Normal
"28nm",0.268,-0.279,0.013,0.032,1.753,Normal
"28nm",0.402,0.119,-1.328,-0.317,-0.241,Normal
"28nm",0.289,0.578,-1.025,0.611,1.577,Normal
"28nm",0.242,-0.244,0.620,2.177,0.111,Warning
"28nm",0.459,-0.018,-0.488,-0.520,0.496,Normal
"28nm",0.441,-0.401,1.166,-0.968,-0.330,Normal
"28nm",0.376,0.827,-1.367,-0.269,-0.088,Normal
"28nm",0.285,0.499,-1.835,-0.073,-1.190,Normal
"28nm",0.346,-0.038,-1.077,-0.199,0.018,Normal
"28nm",0.253,-0.413,-0.046,-0.126,-0.090,Normal
"28nm",0.404,-1.504,-2.181,-0.056,-0.242,Warning
"28nm",0.312,-0.991,-1.875,1.359,-0.459,Normal
"28nm",0.214,-0.200,1.002,-0.628,0.163,Normal
"28nm",0.247,-0.904,-0.988,0.084,-0.756,Normal
"28nm",0.464,0.224,-0.359,-0.548,-0.162,Normal
"28nm",0.409,0.522,-1.481,-1.981,1.945,Normal
"28nm",0.369,-0.388,-1.728,1.421,1.200,Normal
"28nm",0.277,-0.303,-1.975,0.778,-0.319,Normal
"28nm",0.310,0.597,-0.229,0.751,-0.423,Normal
"28nm",0.245,0.360,0.543,1.867,-0.835,Normal
"28nm",0.221,-0.859,-0.366,0.310,-0.641,Normal
"28nm",0.279,1.918,-0.749,-1.044,0.461,Normal
"28nm",0.389,0.670,0.434,-0.943,1.415,Normal
"28nm",0.269,0.429,-0.117,1.324,0.591,Normal
"28nm",0.285,0.099,-0.210,-0.619,1.476,Normal
"28nm",0.349,0.741,-1.536,1.203,-0.316,Normal
"28nm",0.230,0.492,0.094,-1.151,2.013,Warning
"28nm",0.358,-0.192,-0.842,0.294,0.121,Normal
"28nm",0.360,-0.436,-0.419,1.390,0.527,Normal
"28nm",0.367,1.738,-0.304,0.184,0.447,Normal
"28nm",0.230,0.634,-0.795,0.881,0.957,Normal
"28nm",0.420,0.028,0.551,0.714,-0.186,Normal
"28nm",0.397,-0.525,-0.237,-0.356,-0.609,Normal
"28nm",0.351,-0.621,2.042,-1.797,0.483,Warning
"28nm",0.334,-0.941,-0.751,0.054,0.218,Normal
"28nm",0.325,-0.807,1.410,0.304,0.750,Normal
"28nm",0.442,-0.257,0.164,0.112,-1.638,Normal
"28nm",0.453,-0.549,0.119,-0.360,0.242,Normal
"28nm",0.228,-0.790,-1.364,-0.929,0.004,Normal
"28nm",0.518,-0.626,0.362,-0.291,-2.448,Warning
"28nm",0.447,-0.605,0.348,0.311,-0.752,Normal
"28nm",0.501,-0.685,-0.398,-0.501,-0.736,Normal
"28nm",0.427,-0.325,0.944,0.065,-0.615,Normal
"28nm",0.362,-1.097,-0.079,1.063,1.104,Normal
"28nm",0.412,0.035,1.901,0.377,-0.718,Normal
"28nm",0.290,0.091,1.014,0.853,0.209,Normal
"28nm",0.259,1.051,1.405,0.392,1.221,Normal
"28nm",0.388,-0.302,0.610,-0.444,-1.115,Normal
"28nm",0.380,0.711,-0.167,0.641,-0.015,Normal
"28nm",0.356,-0.779,-0.311,-0.541,0.043,Normal
"28nm",0.277,-0.673,0.421,-1.457,0.576,Normal
"28nm",0.468,-0.251,-0.839,1.195,-2.282,Warning
"28nm",0.343,-1.875,1.714,1.612,-0.139,Normal
"28nm",0.357,-0.794,0.164,1.321,1.099,Normal
"28nm",0.333,0.469,-0.429,-0.315,0.767,Normal
"28nm",0.381,-0.603,-0.089,0.874,-0.749,Normal
"28nm",0.327,-0.535,-0.012,-1.204,-0.369,Normal
"28nm",0.246,0.002,0.651,-0.816,0.773,Normal
"28nm",0.207,-0.063,-1.189,0.104,0.097,Normal
"28nm",0.291,0.390,-0.395,0.583,-2.538,Warning
"28nm",0.722,1.743,0.463,-2.081,0.170,Warning
"28nm",0.250,0.540,0.956,-0.026,0.312,Normal
"28nm",0.256,0.091,1.091,-1.869,-0.683,Normal
"28nm",0.316,-0.135,-0.547,1.141,2.027,Warning
"28nm",0.346,0.587,-1.013,0.202,-1.476,Normal
"28nm",0.316,0.928,0.074,2.079,-0.376,Warning
"28nm",0.228,-0.238,-1.567,0.674,1.967,Normal
"28nm",0.474,0.816,-1.297,-0.238,-0.055,Normal
"28nm",0.370,-0.638,-0.762,0.473,-1.148,Normal
"28nm",0.306,0.135,0.292,0.832,0.401,Normal
"28nm",0.418,0.820,0.236,0.509,0.461,Normal
"28nm",0.251,0.188,1.137,0.123,-0.293,Normal
"28nm",0.240,0.507,-0.251,1.111,-0.153,Normal
"28nm",0.279,1.691,0.809,0.910,0.120,Normal
"28nm",0.423,0.116,-1.726,-0.650,-1.371,Normal
"28nm",0.507,1.646,-0.476,-0.849,-0.138,Normal
"28nm",0.305,-0.701,0.904,-0.277,-0.343,Normal
"28nm",0.280,-1.327,-1.004,-1.394,1.062,Normal
"28nm",0.350,-0.233,2.008,0.465,0.708,Warning
"28nm",0.435,1.532,-1.554,-1.566,-0.719,Normal
"28nm",0.232,0.160,0.839,1.456,0.117,Normal
"28nm",0.266,0.651,0.196,0.382,-1.108,Normal
"28nm",0.395,0.962,0.679,0.686,0.970,Normal
"28nm",0.378,0.503,-0.563,-0.499,-0.104,Normal
"28nm",0.368,1.214,0.808,0.726,-0.950,Normal
"28nm",0.477,0.799,-1.216,-0.499,-1.522,Normal
"28nm",0.247,0.167,-0.488,-0.115,1.366,Normal
"28nm",0.420,0.402,0.843,-0.999,0.766,Normal
"28nm",0.387,2.541,-0.507,2.058,-0.425,Warning
"28nm",0.432,1.038,0.905,0.312,-0.370,Normal
"28nm",0.309,0.587,-0.854,0.560,-0.969,Normal
"28nm",0.432,0.899,0.036,-1.559,0.845,Normal
"28nm",0.255,0.930,0.843,0.936,-0.324,Normal
"28nm",0.378,0.581,0.974,0.813,-1.176,Normal
"28nm",0.351,1.099,-0.768,-1.345,0.520,Normal
"28nm",0.396,1.130,-1.025,-0.944,-0.952,Normal
"28nm",0.345,-0.353,1.797,0.995,-0.672,Normal
"28nm",0.354,-0.045,-1.042,0.353,-1.276,Normal
"28nm",0.205,0.595,-2.703,0.421,-1.003,Warning
"28nm",0.356,0.439,-0.237,-1.658,-0.115,Normal
"28nm",0.274,2.172,1.066,0.504,0.566,Warning
"28nm",0.401,0.670,-0.045,-0.120,-0.046,Normal
"28nm",0.312,1.654,0.610,-0.081,1.390,Normal
"28nm",0.246,0.284,0.463,-0.465,-0.695,Normal
"28nm",0.376,0.741,0.579,1.617,-1.112,Normal
"28nm",0.225,-1.341,1.160,0.994,0.877,Normal
